Sample_name,Al,Ti,V,Mn,Co,Ni,Cu,Zn,Ga,Ge,Cd,La,Ce,Pr,Nd,Sm,Eu,Gd ,Tb ,Dy,Ho,Er,Tm ,Yb,Lu   ,Hg,Na,Mg ,K,Ca,Fe,Li,Be,B,Rb,Sr,Zr,Nb,Mo,Pd,Ag,In,Sn,Sb,Te,Cs,Ba,Hf,Ta,W,Os,Pt,Au,Tl,Pb,Bi ,Th ,U,Cr,As,Se  ,Si,P,S
m21/14_0-1,"219,46","6,69","5,33","43,46","0,25","0,62","1,73","2,02",<DL,"0,17","0,05","1,46","3,53","0,31","1,27","0,26","0,05","0,24","0,02","0,18","0,03","0,09",<DL,"0,07",0,"7,37","2041,24","3250,09","242,73","89935,06","1190,31","0,69","0,01","2,55","0,21","269,55","0,15","0,04",<DL,<DL,"0,22",<DL,<DL,<DL,"0,02","0,04",<DL,"0,03",<DL,<DL,<DL,<DL,"0,03",<DL,"1,51",<DL,"0,14","0,22","1,42","3,14",<DL,"138,41","932,2","5591,87"
m21/15_0-1,"899,97","15,99","8,02","53,65","0,59","1,57","2,18","6,6","0,07","0,23","0,06","3,04","4,13","0,65","2,6","0,53","0,11","0,46","0,06","0,36","0,06","0,19",<DL,"0,14","0,01","6,2","6595,54","7323,89","693,84","131109,7","1803,46","1,87","0,07","28,95","0,93","347,28","0,23","0,06","0,02","0,51","0,14",<DL,"0,03",<DL,"0,02","0,15","2,13","0,05",<DL,<DL,<DL,<DL,"0,02",<DL,"1,94",<DL,"0,15","0,48","2,66","2,66",<DL,"875,87","914,88","7329,09"
m21/15_10-11,"373,69","8,18","5,61",39,"0,3","1,32","1,38","12,17",<DL,"0,19","0,07","3,68","2,98","0,74","2,87","0,55","0,11","0,45","0,05","0,34","0,06","0,17","0,01","0,12","0,01","3,77","3330,63","5583,6","336,06","199008,8","1109,79","0,91","0,03","5,82","0,37","444,66","0,04","0,02",<DL,"0,48","0,09",<DL,<DL,<DL,"0,03","0,07","1,4","0,02",<DL,<DL,<DL,<DL,<DL,<DL,"1,13",<DL,"0,07","0,45","1,76","2,39",<DL,"331,09","918,13","5848,43"
m21/15_15-16,"134,55","4,63","4,78","41,4","0,18","0,59","2,5","1,38",<DL,"0,5","0,07","2,18","2,22","0,46","1,85","0,36","0,08","0,32","0,04","0,25","0,04","0,14",<DL,"0,1","0,01",5,"1714,9","5535,95","207,86","185628,5","618,61","0,61","0,02",6,"0,13","521,16","0,2","0,3","0,15","0,87","0,11",<DL,"0,38",<DL,"0,06","0,03","1,91","0,28","34,26","0,18","0,01","0,09","1,35",<DL,"0,7",<DL,"0,05","0,45","1,41","2,27",<DL,"111,96","877,06","5993,12"
m21/15_20-21,"254,63","5,65","5,32","41,64","0,29","0,68","4,04","2,32","0,4","0,19","0,06","1,82","2,21","0,57","1,6","0,53","0,28","0,46","0,25","0,41","0,25","0,31","0,2","0,29","0,23","5,63","1195,77","3413,39","217,85","122376,6","1057,09","0,73","0,02","4,18","0,21","382,42","0,06","0,08",<DL,"0,4","0,59","0,95",<DL,<DL,"0,03","0,05","1,11","0,05","1,92","0,04",<DL,0,"0,08",<DL,"1,08","1,24","0,26","0,4","1,44","2,75",<DL,"194,87","863,22","5536,02"
m21/15_21-22,"545,79","10,1","6,41","49,51","0,42","0,79","1,8","2,99","0,03","0,21","0,06","2,01","2,8","0,45","1,83","0,37","0,07","0,32","0,04","0,25","0,04","0,13",<DL,"0,09","0,01","2,39","1267,54","4504,07","364,28","111592,7","1614,46","1,14","0,03","5,23","0,55","337,35","0,05","0,03",<DL,<DL,"0,25",<DL,<DL,"0,03","0,03","0,12","1,19",<DL,<DL,<DL,<DL,<DL,<DL,<DL,"1,26","0,03","0,1","0,27","2,39","2,96","0,33","481,67","4920,53","5643,3"
m21/15_22-23,"1946,51","25,81","8,57","44,29","1,17","2,16","5,2","3,77","0,48","0,39","0,03","5,85","10,12","1,7","5,56","1,47","0,59","1,17","0,4","0,9","0,35","0,53","0,23","0,45","0,24","1,85","1489,42","3105,58","742,61","50949,52","3295,62","2,91","0,12","9,15","2,5","171,32","0,12","0,03",<DL,<DL,"0,14",<DL,"0,06",<DL,"0,02","0,54","5,01",<DL,<DL,<DL,<DL,<DL,<DL,<DL,"3,55","0,04","0,33","0,72","4,51","2,43",<DL,"1487,06","579,13","3528,13"
m21/15_25-26,"1052,46","17,43","7,37","48,4","0,75","1,43","1,94","5,11","0,16","0,27","0,03","3,19","6,43","0,71","2,81","0,57","0,12","0,48","0,06","0,36","0,06","0,18",<DL,"0,13","0,01","3,02","1257,38","3709,43","554,28",105563,"2134,11","1,66","0,06","5,44","1,11","274,42","0,12","0,03",<DL,<DL,"0,11",<DL,<DL,"0,03","0,05","0,23","2,77",<DL,"0,51","0,02","0,06",<DL,<DL,<DL,"1,47",<DL,"0,15","0,25","3,43","2,25",<DL,"963,95","4805,38","5555,43"
m21/15_26-27,"6297,1","46,07","22,86","80,65","4,03","8,78","9,72","14,81","1,45","0,57","0,04","12,2","24,56","3,04","11,81","2,49","0,53","2,01","0,28","1,52","0,27","0,74","0,09","0,56","0,07","1,08","2623,59","4044,68","2274,34","24715,52","9904,62","8,8","0,4","21,33","4,65","44,83","0,13","0,02",<DL,"0,56","0,11",<DL,"0,45",<DL,"0,02","0,93","26,98",<DL,"0,87",<DL,0,<DL,<DL,"0,03","10,11","0,09","1,04","0,28","12,93","2,16",<DL,"2212,32","690,89","3659,62"
m21/15_27-28,"3187,09","44,1","17,21","69,34","2,11","4,04","3,29","6,3","1,06","0,5","0,04","6,9","12,87","1,65","6,38","1,29","0,28","1,04","0,15","0,77","0,14","0,38","0,04","0,29","0,04","27,5","2020,36","2805,06","1138,49","45156,81","7078,66","4,31","0,2","12,05","2,91","118,74","0,08","0,15","0,02",<DL,"0,42","0,09","0,11","0,08","0,02","0,64","19,21",<DL,<DL,<DL,<DL,<DL,<DL,<DL,"4,49","1,8","0,69","0,21","8,51","3,15","0,02","2171,27","733,81","4470,14"
m21/15_28-30,"6366,14","43,25","22,33","100,47","5,06","8,65","6,83","14,68","3,03","0,57","0,04","10,98","21,6","2,65","10,33","2,17","0,46","1,74","0,24","1,3","0,23","0,63","0,06","0,47","0,06","4,85","4945,61","5082,17","2368,78","32552,39","10109,81","9,74","0,36","21,93","4,3","77,17","0,11",<DL,"0,01","0,47","0,18","0,01","0,25","0,05","0,02","0,91","95,69",<DL,<DL,<DL,<DL,<DL,<DL,"0,04","6,76","0,1","0,31","0,26","12,61","2,54",<DL,"2505,33","689,3","4193,4"
m21/15_30-31,"3110,05","43,51","14,9","96,85","2,17","3,9","3,26","6,08","0,53","0,4","0,04","7,96","13,4","1,81","7,11","1,45","0,31","1,19","0,16","0,91","0,17","0,46","0,04","0,34","0,04","2,77","2006,93","3710,89","1081,11","71994,43","5900,1","4,28","0,2","11,41","2,42","168,12","0,09","0,02","0,01","0,46","0,1",<DL,"0,1","0,02","0,02","0,54","7,96",<DL,<DL,<DL,<DL,<DL,<DL,<DL,"4,07","0,03","0,47","0,25","7,37","2,63",<DL,"2207,66","727,52","4300,85"
m21/15_35-36,"5409,43","42,28","23,5","231,11","5,19","8,77","7,16","11,82","0,97","0,53","0,1","13,98","27,53","3,56","14,12","2,97","0,63","2,44","0,35","1,86","0,34","0,93","0,1","0,71","0,09","5,28","2955,35","3684,87","2073,31","15266,44","9765,5","8,27","0,43","24,08","2,84","27,51","0,14",<DL,<DL,"0,91","0,07",<DL,"0,3",<DL,"0,01","0,35","25,24",<DL,"1,09",<DL,<DL,<DL,<DL,"0,04","8,33","0,09","1,04","0,22","12,09","1,24",<DL,"2047,55","727,93","4075,23"
m21/15_45-46,"7557,68","41,85","32,99","169,59","5,62","12,18","9,88","17,03","1,66","0,64","0,12","20,17","40,21","5,26","20,7","4,43","0,93","3,62","0,51","2,73","0,5","1,36","0,16","1,04","0,14","4,68","4630,37","4443,82","2955,49","12096,36","13348,31","11,58","0,59","29,33","3,53","20,55","0,11",<DL,<DL,"1,37","0,08","0,01","0,54",<DL,"0,02","0,53","67,78","0,01","0,95",<DL,<DL,<DL,<DL,"0,06","11,88","0,13","1,42","0,28","15,94","1,12",<DL,"1951,47","676,22","3387,68"
m21/15_48-49,"1823,79","34,44","10,02","50,66","1,45","2,65","4,45","4,4","0,64","0,32","0,02","3,88","7,38","1,01","4,03","0,8","0,16","0,65","0,08","0,47","0,08","0,23","0,02","0,17","0,02","2,23","2834,62","1521,58","759,56","13123,21",3472,"2,54","0,13","8,96","1,81","27,97","0,02","0,01",<DL,<DL,"0,06",<DL,<DL,<DL,0,"0,35","9,09",<DL,<DL,<DL,<DL,<DL,<DL,<DL,"2,29",<DL,"0,29","0,09","6,41","1,2",<DL,"1274,01","977,3","5169,95"
m21/15_50-51,"1542,84","30,88","9,67","58,92","1,29","2,15","2,75","3,76","0,54","0,31","0,01","3,21","10,64","0,81","3,23","0,63","0,13","0,53","0,06","0,36","0,06","0,17","0,01","0,13","0,01","2,29","2476,94","1387,71","646,76","11729,91","3290,04","2,08","0,1","7,26","1,65","28,27","0,11","0,02",0,<DL,<DL,<DL,<DL,<DL,"0,01","0,32","5,7",<DL,<DL,<DL,<DL,<DL,<DL,<DL,"1,98",<DL,"0,27","0,07","5,82","1,3",<DL,"1100,45","1016,25","5121,18"
m21/15_51-52,"4183,72","49,45","18,01","101,29","3,23","6,24","4,78","8,73","1,13","0,52","0,02","27,57","19,15","2,28","9,16","1,91","0,41","1,66","0,22","1,19","0,21","0,59","0,06","0,45","0,06","2,44","3001,65","2263,99","1562,74","9367,41","7462,09","5,82","0,3","16,1","2,84","18,07","0,06",<DL,<DL,"0,67",<DL,<DL,"0,13",<DL,"0,01","0,47","23,38",<DL,<DL,<DL,<DL,<DL,<DL,<DL,"6,13","0,05","0,62","0,11","10,73","1,28",<DL,1982,"841,71","4251,19"
m21/15_5-6,"231,1","5,75","5,18","41,34","0,25","0,51","0,98","1,9","0,15","0,17","0,03","1,69","1,83","0,36","1,48","0,3","0,06","0,27","0,03","0,2","0,03","0,1",<DL,"0,08",0,"2,82","1609,82","3735,07","225,05","127681,2","1029,02","0,74","0,02","5,22","0,21","337,8","0,03",<DL,<DL,"0,44",<DL,<DL,<DL,"0,05","0,03","0,04","5,74",<DL,<DL,<DL,<DL,<DL,<DL,<DL,"0,75",<DL,"0,04","0,3","1,43","2,55",<DL,"155,75","1180,27","5660,72"
m21/16_10-11,"251,93","6,37","4,89","39,52","0,24","0,69","8,5","2,66",<DL,"0,15","0,03","1,12","1,57","0,27","1,17","0,24","0,05","0,22","0,02","0,16","0,02","0,08",<DL,"0,06",0,"1,49","1456,42","3321,5","219,88","96534,66","933,51","0,7","0,02","4,43","0,25","291,46",<DL,<DL,<DL,<DL,<DL,<DL,<DL,<DL,"0,02","0,04",<DL,<DL,<DL,<DL,<DL,<DL,<DL,<DL,"0,94",<DL,<DL,"0,24","1,26","2,19",<DL,"159,65","1271,62","5882,94"
m21/16_1-2,"404,98","8,69","5,18","41,23","0,31","0,7","1,61","2,69",<DL,"0,16","0,06","1,63","2,09","0,37","1,5","0,3","0,06","0,27","0,03","0,21","0,03","0,1",<DL,"0,08",0,"2,06","2807,17","4315,73","417,19","88558,66","1121,95","0,96","0,03","8,95","0,45","252,81",<DL,<DL,<DL,<DL,<DL,<DL,<DL,<DL,"0,02","0,07","1,1",<DL,<DL,<DL,<DL,<DL,<DL,<DL,1,<DL,<DL,"0,22","1,53","2,06",<DL,"297,83","1166,89","5958,95"
m21/16_13-14,"1201,38","20,95","8,79","49,27","0,7","2,11","2,47","5,09","0,13","0,26","0,07","3,14","5,11","0,77","3,18","0,67","0,14","0,58","0,07","0,44","0,08","0,23","0,02","0,17","0,02","1,34","2509,26","5132,38","622,98",119850,"2392,1","2,14","0,12","9,52","1,16","258,91","0,08","0,03",<DL,"1,35",<DL,<DL,<DL,"0,06","0,02","0,17","2,77",<DL,"5,38",<DL,<DL,<DL,"0,1",<DL,"2,62",<DL,<DL,"0,37","3,25","2,15",<DL,"789,66","1208,19","5691,82"
m21/16_24-26,"220,25","5,86","4,66","39,83","0,25","0,51","4,71","4,41",<DL,"0,16","0,02","1,14","1,44","0,26","1,11","0,23","0,04","0,2","0,02","0,15","0,02","0,08",<DL,"0,06",0,"0,63","878,25","3398,15","171,93","91476,7","1013,28","0,63","0,02","4,02","0,2","285,13",<DL,<DL,<DL,<DL,<DL,<DL,"11,36",<DL,"0,02","0,04","0,33",<DL,<DL,<DL,<DL,<DL,<DL,<DL,"1,27",<DL,<DL,"0,3","1,16","2,65",<DL,"146,22","1188,59","5589,85"
m21/16_36-38,"2614,11","28,96","11,72","58,77","1,83","3,75","3,58","18,5","0,39","0,38","0,09","4,92","9,46","1,27","5,16","1,09","0,22","0,91","0,12","0,68","0,12","0,34","0,03","0,26","0,03","0,86","2696,61","3935,93","1061,85","74502,09","4254,23","4,21","0,18","14,08","2,16","211,3","0,06",<DL,<DL,"0,73",<DL,<DL,"0,65",<DL,"0,02","0,31","4,63",<DL,<DL,<DL,<DL,<DL,<DL,<DL,"4,01",<DL,"0,2","0,27","5,13","2,02",<DL,"1611,05","1110,83","4961,37"
m21/16_46-48,"297,95","7,21","4,98","49,88","0,31","0,37","1,22","0,19",<DL,"0,16","0,03","1,31","1,77","0,31","1,28","0,26","0,05","0,24","0,02","0,18","0,03","0,1",<DL,"0,07",0,"2,08","2225,52","3786,98","262,03","97137,73","1187,51","0,79","0,02","3,69","0,28","300,8","0,09","0,01",<DL,<DL,<DL,<DL,"0,03","0,04","0,02","0,06","0,99",<DL,<DL,<DL,<DL,<DL,<DL,<DL,"0,79",<DL,"0,06","0,2","1,36","2,47",<DL,"223,24",1229,"5764,77"
m21/16_58-60,"6656,57","37,17","28,07","144,12","4,6","10,93","8,27","15,58","2,14","0,63","0,09","14,74","30,57","4,05","16,08","3,47","0,73","2,85","0,4","2,12","0,38","1,03","0,12","0,8","0,1","2,75","7047,95","4646,99","2854,33","13359,85","11514,96","10,22","0,57","30,67","3,21","18,46","0,29","0,02",<DL,"1,29","0,06",<DL,"0,49",<DL,"0,01","0,34","81,1",<DL,<DL,<DL,<DL,<DL,<DL,"0,04","11,79","0,11","0,93","0,21","13,42","1,29",<DL,"1748,11","932,14","4106,31"
m21/17_17-18,"7066,61","42,14","28,01","333,95","5,72","10,95","7,99","14,43","1,17","0,58","0,07","17,54","34,24","4,68","18,55","3,9","0,83","3,28","0,46","2,44","0,44","1,22","0,13","0,93","0,12","4,25","2126,09","4195,62","2450,03","13470,37","11981,65","11,88","0,54","28,04","3,44","18,55","0,06",<DL,<DL,"1,36","0,06",<DL,"0,56",<DL,"0,03","0,55","29,76",<DL,"0,88",<DL,<DL,<DL,<DL,"0,05","10,85","0,12","1,11","0,24","16,1","1,24",<DL,"1728,16","760,58","3183,63"
m21/17_23-25,"2276,93","39,17","12,09","336,66","2,49","3,34","3,56","3,19","1,27","0,36","0,04","4,1","9,3","1,06","4,26","0,87","0,18","0,73","0,09","0,52","0,09","0,26","0,02","0,2","0,02","15,05","631,35","1360,34","702,27","16554,57","4510,73","3,29","0,17","9,49","2,08","58,36","0,02","0,03","0,07",<DL,"3,9","0,01","0,03","0,08","0,02","0,38","24,01",<DL,<DL,<DL,<DL,<DL,<DL,<DL,"3,18","1,99","0,24","0,09","7,19","1,73","0,04","1340,26","1002,3","4627,36"
m21/17_30-31,"9341,21","36,41","32,71","552,57","7,86","15,25","9,12","22,01","4,05","0,72","0,11","23,13","73,36","6,02","23,85","5,04","1,06","4,12","0,57","3,04","0,55","1,48","0,17","1,12","0,15","4,21","2998,4","4972,66","3388,19","5071,36","14538,09","16,15","0,63","32,61","4,17","9,82","0,16",<DL,"0,02","1,47","0,41","0,01","0,67",<DL,"0,03","0,98",#ARG!,<DL,<DL,<DL,<DL,<DL,<DL,"0,08","13,23","0,18","1,37","0,29","18,28","1,49",<DL,"1730,34","707,83","2971,64"
m21/17_40-42,"443,7","8,79","4,77","42,32","0,41","0,67","1,58","0,16","0,66","0,16","0,03","1,07","1,58","0,26","1,12","0,23","0,05","0,21","0,02","0,16","0,02","0,08",<DL,"0,06",<DL,"1,53","510,95","3007,35","226,24",59042,"1229,9","0,95","0,02","3,68","0,49","182,49","0,02",<DL,<DL,<DL,"0,12",<DL,<DL,<DL,"0,01","0,1","14,79",<DL,<DL,<DL,<DL,<DL,<DL,<DL,"1,04",<DL,"0,09","0,14","1,47","1,98","0,03","322,53","1185,9","5357,33"
m21/17_51-53,"6597,79","35,85","26,31","90,2","5,31","9,72","8,25","11,97","1,07","0,65","0,07","18,72","38,27","5,29","20,3","4,53","1,13","3,81","0,7","2,92","0,67","1,52","0,3","1,2","0,29","27,72","2725,43","3271,52","2251,48","5984,77","10957,21","10,79","0,58","27,58","2,86","11,74","0,03","0,03",<DL,"1,68","6,02","0,76","0,45",<DL,"0,01","0,41","22,39",<DL,"1,6",<DL,<DL,<DL,<DL,"0,06","11,62","15,15","2,38","0,54","15,39","0,93","0,02","1706,59","667,8","2893,53"
m21/17_60-62,"1584,97","22,54","8,91","235,09","2,45","3,58","28,15","11,38","0,44","0,32","0,02","3,83","7,22","1,02","4,15","0,85","0,18","0,73","0,09","0,53","0,09","0,26","0,02","0,19","0,02","1,95","1981,4","2858,39","681,32","52399,62","3112,73","2,96","0,12","8,86","1,25","131,57",<DL,<DL,"0,04","0,45","0,17",<DL,<DL,<DL,"0,01","0,21","9,06",<DL,<DL,<DL,<DL,<DL,<DL,<DL,"2,11","0,05","0,17","0,16","3,92","1,62",<DL,"1021,49","1061,92","5161,4"
m21/17_65-66,"1487,38","36,65","8,5","258,66","1,88","4,91","2,31","3,34","1,03","0,34","0,05","4,02","6,06","1,05","4,27","0,85","0,18","0,71","0,09","0,49","0,08","0,24","0,02","0,18","0,02","1,83","2268,85","3036,06","576,69","81655,98","3260,71","2,6","0,07","6,67","0,99","226,53","0,1","0,03","0,06","0,51","0,07",<DL,<DL,<DL,"0,02","0,18","27,44",<DL,<DL,<DL,<DL,<DL,<DL,<DL,"1,65",<DL,"0,16","0,24","3,77","2,27",<DL,"976,56","1135,57","5205,59"
m21/17_70-71,"1615,62","44,16","8,77","233,95","1,98","6,03","13,18","49,3","0,57","0,39","0,05","4,21","6,5","1,09","4,45","0,86","0,18","0,7","0,08","0,45","0,08","0,22","0,01","0,16","0,01","0,87","2567,06","3524,63","600,39","84945,73","3588,68","2,69","0,07","6,16","1,13","272,63","0,03",<DL,"0,08","0,53","0,07",<DL,<DL,<DL,"0,03","0,19","11,92",<DL,<DL,<DL,<DL,<DL,<DL,<DL,"2,26",<DL,"0,13","0,23","3,83","2,6",<DL,"1129,49","1149,84","5496,43"
m21/17_7-8,"4098,83","47,88","17,46","48,99","3,24","6,32","5,84","11,72","0,58","0,47","0,05","8,58","16,91","2,27","9,06","1,86","0,39","1,57","0,21","1,11","0,2","0,56","0,05","0,42","0,05","0,74","2048,05","3007,7","1548,85","25483,87","6872,23","6,58","0,32","18,72","2,82","37,29","0,1","0,02",<DL,"0,73","0,07",<DL,"0,3",<DL,"0,01","0,48",6,<DL,<DL,<DL,<DL,<DL,<DL,<DL,"7,14","0,06","0,23","0,23","9,97","1,42",<DL,"2084,35","1115,28","4813,04"
M21/18,"151,76","6,37","5,47","45,94","0,24","0,58","1,15","0,51",<DL,"0,17","0,04","1,25","1,61","0,3","1,26","0,26","0,05","0,23","0,02","0,18","0,03","0,09",<DL,"0,07",0,"0,43","829,78","6198,48","164,71","98383,16","1125,26","0,48","0,01","5,47","0,12","261,1","0,01",<DL,"0,02","0,39","0,06",<DL,<DL,<DL,"0,02","0,03",<DL,<DL,<DL,<DL,<DL,<DL,<DL,<DL,"0,67",<DL,"0,06","0,28","1,37","2,9",<DL,"97,2","1241,91","5701,74"
M21/19,"135,31","4,67","4,9","43,34","0,2","0,43","0,98","1,66",<DL,"0,16","0,08","1,3","1,51","0,31","1,3","0,27","0,05","0,24","0,02","0,17","0,03","0,09",<DL,"0,07",0,"0,29","786,07","4543,29","178,95","100095,3","887,49","0,47","0,01","3,1","0,13","263,9",<DL,<DL,"0,01",<DL,<DL,<DL,<DL,"0,08","0,02","0,02",<DL,<DL,<DL,<DL,<DL,<DL,<DL,<DL,"0,75",<DL,<DL,"0,25","1,18","2,7",<DL,"78,4","1179,82","5817,54"
M21/20,"125,4","4,05","4,36","36,84","0,16","0,37","0,93","0,56",<DL,"0,15","0,04","3,11","1,29","0,31","1,34","0,27","0,05","0,23","0,02","0,18","0,03","0,09",<DL,"0,07",0,<DL,"1105,92","3495,33","158,68","142626,3","837,48","0,53","0,01","3,24","0,08","393,45",<DL,<DL,<DL,"0,47",<DL,<DL,<DL,<DL,"0,02","0,03","0,89",<DL,<DL,<DL,<DL,<DL,<DL,<DL,"0,48",<DL,<DL,"0,33","1,13","2,3",<DL,"85,73","1217,24","5932,58"
M21/21,"93,7","2,5","2,35","17,73","0,1","0,11","11,05","5,09","0,45","0,11","0,02","0,83","0,77","0,19","0,82","0,15","0,03","0,14","0,01","0,09","0,01","0,04",<DL,"0,03",<DL,<DL,"678,93","2890,79","144,27","85106,61","451,26","0,3",<DL,"2,32","0,1","245,96",<DL,<DL,<DL,<DL,<DL,<DL,<DL,<DL,"0,01","0,01","10,66",<DL,<DL,<DL,<DL,<DL,<DL,<DL,"0,53",<DL,<DL,"0,17","0,53","1,09",<DL,"75,89","1172,19","5690,17"
m21/22,"164,34","5,29","4,2","38,23","0,17","0,4","1,23","1,34",<DL,"0,15","0,01","1,35","1,43","0,3","1,29","0,25","0,05","0,23","0,02","0,16","0,02","0,08",<DL,"0,06",<DL,"0,58","1173,26","7393,15","202,22","124231,5","700,45","0,66","0,01","3,8","0,17","396,39","0,21","0,07",<DL,"0,47",<DL,<DL,"5,8",<DL,"0,02","0,02","0,83",<DL,<DL,<DL,<DL,<DL,<DL,<DL,"0,52",<DL,"0,14","0,33","1,11","2,25",<DL,"91,95",1250,"6272,71"
m21/23_23-26,"87,6","2,4","2,37","20,22","0,09","0,02","0,95","0,33",<DL,"0,1","0,06","0,97","0,93","0,22","0,98","0,19","0,04","0,19","0,02","0,14","0,02","0,07",<DL,"0,05",<DL,"0,18","519,45","1946,28","150,44","82309,81","399,16","0,32",0,"1,97","0,06","198,52","0,02",<DL,<DL,<DL,<DL,<DL,"0,1",<DL,"0,01","0,01",<DL,<DL,<DL,<DL,<DL,<DL,<DL,<DL,"0,38",<DL,<DL,"0,2","0,6","0,93",<DL,"65,46","1200,95","5817,46"
m21/23_37-39,"54,72","1,67","2,31","27,03","0,11",<DL,"0,86",<DL,<DL,"0,09","0,03","0,76","0,85","0,16","0,67","0,13","0,02","0,11","0,01","0,08","0,01","0,04",<DL,"0,03",<DL,"0,14","846,31","2752,52","153,29","91856,88","351,63","0,25",<DL,"1,71","0,04","256,54","0,02",<DL,<DL,<DL,<DL,<DL,<DL,<DL,"0,01",<DL,<DL,<DL,<DL,<DL,<DL,<DL,<DL,<DL,"0,59",<DL,<DL,"0,2","0,7","0,97",<DL,"42,6","1219,21","5752,28"
m21/25a_45-47,"971,64","15,96","5,9","109,88","0,97","1,47","1,79","0,85","0,21","0,24","0,01","2,66","3,92","0,68","2,78","0,53","0,1","0,43","0,05","0,29","0,05","0,14",<DL,"0,1","0,01","1,6","647,35","1697,28","446,5","33002,81","1753,53","1,56","0,07","5,4",1,"90,08","0,06",<DL,<DL,<DL,"0,06",<DL,<DL,<DL,0,"0,14","3,09",<DL,<DL,<DL,<DL,<DL,<DL,<DL,"0,95",<DL,"0,04","0,09","3,06","0,99",<DL,"705,17","1154,36","5323,57"
m21/25a_72-74,"522,76","10,84","4,04","23,79","0,34","0,61","2,71","3,56","0,09","0,21","0,02","2,03","2,73","0,47","1,94","0,37","0,07","0,31","0,03","0,21","0,03","0,1",<DL,"0,07",0,"0,76","980,77","2412,79","284,59","42060,84","1484,94","0,91","0,03","3,39","0,51","97,55","0,22",<DL,<DL,<DL,<DL,<DL,<DL,<DL,<DL,"0,1","1,62",<DL,<DL,<DL,<DL,<DL,<DL,<DL,"0,89",<DL,"0,28","0,12","1,75","1,16",<DL,"337,89","1210,71","4961,12"
m21/25b_44-49,"461,74","11,1","4,35","20,25","0,41","0,43","1,3","0,51","0,52","0,16","0,05","1,67","2,2","0,39","1,59","0,3","0,05","0,24","0,02","0,16","0,02","0,08",<DL,"0,05",<DL,"0,45","1245,66","2278,16","274,85","39707,4","1053,08","0,84","0,02","2,71","0,5","107,57","0,04",<DL,<DL,<DL,<DL,<DL,<DL,<DL,0,"0,1","10,69",<DL,<DL,<DL,<DL,<DL,<DL,<DL,"0,58",<DL,"0,06","0,13","1,84","0,94","0,01","310,58","1149,66","5286,52"
m21/25b_54-56,"1077,13","20,07","7,9","56,47",1,"1,45","2,55","8,14","0,26","0,28","0,02","3,54","5,58","0,89","3,58","0,67","0,13","0,55","0,06","0,37","0,06","0,18",<DL,"0,13","0,01","1,3","1228,39","1853,67","497,64","28722,45","2488,21","1,75","0,09","5,82","1,07","69,72","0,1",<DL,<DL,<DL,"0,05",<DL,<DL,<DL,"0,01","0,18","3,67",<DL,<DL,<DL,<DL,<DL,<DL,<DL,"1,34",<DL,"0,1","0,09","3,94","1,13",<DL,"661,51","1098,34","5071,28"
m21/25c,"689,8","12,27","5,29","46,65","0,5","0,92",1,"0,2","0,04","0,19","0,03","1,82","2,31","0,44","1,78","0,36","0,07","0,31","0,03","0,22","0,03","0,11",<DL,"0,08",0,"0,52","787,91","3706,79","309,72","80905,3","1528,03","1,4","0,04","4,35","0,72","243,53","0,19",<DL,<DL,<DL,<DL,<DL,<DL,<DL,"0,01","0,13","0,49",<DL,<DL,<DL,<DL,<DL,<DL,<DL,"0,68",<DL,"0,11","0,22","1,97","1,94",<DL,"515,55","1116,98","5289,61"
m21/25c_20-24,"1341,71","24,99","8,41","30,9","0,93","1,76","3,23","19,33","0,43","0,3","0,02","2,82","6,05","0,71","2,89","0,59","0,12","0,49","0,06","0,35","0,06","0,17","0,01","0,13","0,01","1,34","921,04","1493,52","459,42","24893,96","2899,83","2,07","0,11","5,53","1,3","73,26","0,12",<DL,<DL,<DL,<DL,<DL,<DL,<DL,"0,01","0,21","5,51",<DL,<DL,<DL,<DL,<DL,<DL,<DL,"1,86",<DL,"0,15","0,09","4,62","1,65",<DL,"736,1","1141,82","5030,13"
m21/25c_65-67,"695,64","14,35","6,79","42,14","0,49","1,3","2,81","4,54","0,09","0,23","0,07","2,75","4,13","0,69","2,88","0,6","0,12","0,48","0,06","0,37","0,06","0,19","0,01","0,14","0,01",2,"1656,99","5980,37","372,36","176014,8","1812,22","1,45","0,07","6,38","0,74","410,25","0,18","0,03",<DL,"0,64",<DL,<DL,<DL,<DL,"0,03","0,14","4,44",<DL,<DL,<DL,<DL,<DL,<DL,<DL,"1,6",<DL,"0,22","0,35","2,2","2,16",<DL,"505,93","1219,65","5576,48"
m21/25d_28-32,"555,55","11,15","4,86","61,09","0,48","0,77","2,03","1,8","0,23","0,2","0,1","2,73","2,78","0,44","1,83","0,38","0,07","0,33","0,04","0,25","0,04","0,13",<DL,"0,09","0,01","0,75","822,5","3293,39","292,55","89208,25","1357,38","1,24","0,03","4,18","0,54","252,89","0,02",<DL,"0,04","0,4",<DL,<DL,<DL,<DL,"0,01","0,12","6,35",<DL,<DL,<DL,<DL,<DL,<DL,<DL,"1,42",<DL,"0,07","0,23","2,06","1,88",<DL,"389,89","1131,44","5626,08"
m21/25d_68-72,"404,1","9,61","4,14","31,98","0,28","0,35","2,05","1,43",<DL,"0,17","0,02","1,32","1,97","0,32","1,33","0,27","0,05","0,23","0,02","0,16","0,02","0,08",<DL,"0,06",0,"0,35","1237,18","2664,97","272,86","67030,17","1018,12","0,91","0,02","3,59","0,42","209,58","0,16","0,03",<DL,<DL,<DL,<DL,<DL,<DL,"0,01","0,08",<DL,<DL,<DL,<DL,<DL,<DL,<DL,<DL,"0,66",<DL,"0,14","0,18","1,42","1,81",<DL,"275,24","1151,44","5427,02"
m21/26,"1333,98","21,69","7,28","44,85","0,87","1,89","4,56","4,59","0,2","0,29","0,05","2,88","5,01","0,71","2,89","0,58","0,11","0,47","0,06","0,34","0,06","0,16",<DL,"0,12","0,01","0,47","2360,11","6712,48","594,22","98830,3","2507,69","2,49","0,09","7,95","1,35","245,04","0,08",<DL,<DL,"0,46",<DL,<DL,<DL,<DL,"0,02","0,28","2,18",<DL,<DL,<DL,<DL,<DL,<DL,<DL,"1,5",<DL,"0,17","0,31","3,04","2,3",<DL,"1003,31","1155,99","5320,35"
"m21/26_0,5-4","1927,3","26,69","9,38","46,99","1,25","2,41","3,09","4,5","0,23","0,34","0,06","4,04","6,93","1,03","4,18","0,86","0,17","0,69","0,09","0,5","0,09","0,26","0,02","0,19","0,02","0,37","1405,44","4101,51","659,48","58948,84","3603,87","3,33","0,17","13,34","1,7","124,53","0,02",<DL,"0,01",<DL,<DL,<DL,<DL,"0,02","0,01","0,27","0,98",<DL,<DL,<DL,<DL,<DL,<DL,<DL,"2,7",<DL,"0,09","0,23","4,85","1,89",<DL,"1056,83","1060,28","5224,19"
m21/26_14-18,"3805,86","41,06","15,46","141,97","3,16","5,79","8,87","9,97","0,48","0,42","0,06","7,64","14,9",2,"7,93","1,69","0,34","1,37","0,19","1,02","0,18","0,51","0,06","0,4","0,05","0,44","3660,98","4785,01","1383,21","36380,24","6341,53","6,32","0,31","20,82","2,46","72,2","0,02",<DL,<DL,"0,6",<DL,<DL,"0,11",<DL,"0,02","0,32","4,32",<DL,<DL,<DL,<DL,<DL,<DL,<DL,"5,67","0,03","0,25","0,23","8,03","1,65",<DL,"1627,94","1010,26","4655,46"
m21/26_34-37,"699,41","12,56","5,46","47,27","0,49","0,96","8,78","4,68","0,04","0,23","0,04","2,2","2,55","0,53","2,18","0,42","0,08","0,33","0,03","0,23","0,03","0,11",<DL,"0,08",0,"0,33","742,85","3417,43","303,89","75276,02","1632,52","1,42","0,05","4,69","0,69","237,37",<DL,<DL,<DL,<DL,<DL,<DL,<DL,<DL,"0,01","0,13","0,32",<DL,<DL,<DL,<DL,<DL,<DL,<DL,"1,13",<DL,"0,05","0,2",2,"2,01",<DL,"474,85","1180,03","5554,95"
m21/26_41-44,"621,72","11,29","5,28","41,72","0,45","0,83","3,19","2,2","0,04","0,2","0,03","2,3","4,53","0,57","2,29","0,45","0,09","0,37","0,04","0,26","0,04","0,13",<DL,"0,09",0,"0,06","857,38","3466,7","295,95","76316,26","1437,29","1,31","0,05","4,34","0,59","227,86",<DL,<DL,<DL,<DL,<DL,<DL,<DL,<DL,"0,01","0,09","1,46",<DL,<DL,<DL,<DL,<DL,<DL,<DL,"1,14",<DL,"0,04","0,2","1,85","1,77",<DL,"413,88","1171,15","5572,1"
m21/26_49-53,"839,22","13,87","5,62","48,42","0,56","1,01","17,86","4,46","0,06","0,24","0,03","5,64","2,71","0,55","2,25","0,43","0,08","0,36","0,04","0,25","0,04","0,13",<DL,"0,09",0,"1,27","810,88","3114,84","346,53","71260,43","1821,72","1,63","0,05","4,09","0,87","215,38",<DL,<DL,"0,01",<DL,<DL,<DL,<DL,<DL,"0,01","0,39","0,19",<DL,<DL,<DL,<DL,<DL,<DL,<DL,"1,1",<DL,"0,05","0,19","2,17","1,92",<DL,"576,69","1132,74","5326,29"
m21/26_5-7,"648,35","12,45","4,84","53,25","0,65","0,95","5,89","0,48",<DL,"0,19","0,01","1,46","2,58","0,36","1,44","0,29","0,05","0,23","0,02","0,17","0,02","0,08",<DL,"0,06",0,"0,24","627,65","1853,54","323,82","29975,8","1661,43","1,18","0,07","3,73","0,73","86,56",<DL,<DL,<DL,<DL,<DL,<DL,<DL,<DL,"0,01","0,09",<DL,<DL,<DL,<DL,<DL,<DL,<DL,<DL,"1,27",<DL,"0,06","0,1","2,96","1,22",<DL,"442,44","1125,89","5347,45"
m21/26_57-59,"792,16","11,47","5,79","69,25","0,68","1,2","2,86","3,25","0,01","0,21","0,06","2,22","3,09","0,54","2,23","0,45","0,08","0,36","0,04","0,27","0,04","0,14",<DL,"0,1","0,01",<DL,"915,36","4636,8","376,25","100491,2","1608,21","1,58","0,06","5,2","0,76","223,08",<DL,<DL,<DL,<DL,<DL,<DL,<DL,<DL,"0,01","0,13","0,34",<DL,<DL,<DL,<DL,<DL,<DL,<DL,"0,83",<DL,"0,06","0,28","2,17","1,64",<DL,"583,52","1191,76","5570,39"
m21/26_63-66,"2826,65","29,36","13,33","123,48","2,76","4,47","14,46","13,5","0,28","0,36","0,05","6,97","11,99","1,82","7,31","1,53","0,29","1,23","0,16","0,89","0,16","0,44","0,04","0,34","0,04","0,2","2261,31","4025,69","1155,47","59653,36","4241,49","4,35","0,22","13,61","1,69","91,74",<DL,<DL,<DL,"0,57",<DL,<DL,"0,03",<DL,"0,01","0,18","3,64",<DL,<DL,<DL,<DL,<DL,<DL,<DL,"3,62",<DL,"0,18","0,36","5,95","1,25",<DL,"1547,44","1081,43","4762,05"
m21/26_70-72,"1139,11","19,34","7,02","101,79","1,24","2,03","22,27","10,23","0,41","0,25",<DL,"2,91","4,96","0,7","2,77","0,53","0,11","0,47","0,06","0,33","0,05","0,16",<DL,"0,12","0,01","3,51","780,8","2640,4","437,74","38150,9","2392,7","1,98","0,1","6,32","1,17","92,85",<DL,<DL,"0,02",<DL,"0,08",<DL,<DL,<DL,"0,01","0,17","7,78",<DL,<DL,<DL,<DL,<DL,<DL,<DL,"1,84",<DL,"0,12","0,11","2,66","1,4",<DL,"660,22","878,43","4843,83"
m21/26_90-93,"2533,79","23,51","11,6","142,21","2,25","3,92","17,66","8,96","0,29","0,34",<DL,5,"9,12","1,31","5,29","1,11","0,23","0,95","0,12","0,69","0,12","0,35","0,03","0,26","0,03","1,67","1256,29","2838,12","1076,43","39888,09","4370,58","4,31","0,22","14,1","2,01","64,01","0,01",<DL,<DL,"0,48",<DL,<DL,<DL,<DL,"0,01","0,18","2,41",<DL,<DL,<DL,<DL,<DL,<DL,<DL,"2,87",<DL,"0,29","0,18","5,4","1,32",<DL,"1205,08","791,33","4159,97"
m21/26_9-12,"4879,71","33,83","23,19","176,48","4,55","9,3","9,55","10,69","0,7","0,59",<DL,"9,78","22,29","2,7","10,88","2,38","0,52","2,15","0,3","1,61","0,29","0,79","0,09","0,62","0,08","4,91","2038,63","2896,72","1919,57","3283,64","8939,7","7,64","0,42","22,48","2,78","6,29","0,05",<DL,<DL,"0,77","0,05",<DL,"0,17",<DL,"0,01","0,29","10,23",<DL,<DL,<DL,<DL,<DL,<DL,"0,03","6,85","0,07","0,91","0,17","11,69","1,4",<DL,"1589,59","751,8","3344,91"
"m21/27_0-2,5","2595,55","31,32","11,43","92,6","1,72","3,27","8,13",7,"0,34","0,36",<DL,"4,3","7,5","1,11","4,56","0,94","0,2","0,81","0,1","0,6","0,11","0,3","0,03","0,23","0,02","1,71","1359,18","5104,42","900,06","59036,53","4654,81","4,34","0,19","18,29","2,54","114,38","0,07","0,02",<DL,"0,56",<DL,<DL,"0,02",<DL,"0,01","0,44","2,21",<DL,<DL,<DL,<DL,<DL,<DL,<DL,"2,83",<DL,"0,22","0,21","5,3","1,89",<DL,"1331,2","943,58","4449,58"
m21/27_17-19,"6522,18","49,16","32,66","77,84","4,24","9,73","16,93","41,1","0,71","0,47","0,06","10,05","19,86","2,58","10,43","2,26","0,46","1,85","0,25","1,44","0,26","0,74","0,08","0,58","0,07","0,74","50730,23","10558,11","3341,03","10966,04","12701,16","11,61","0,58","130,22","3,76","46,6","0,2","0,04",<DL,"0,99",<DL,<DL,"0,54",<DL,"0,01","0,73","8,95",<DL,<DL,<DL,<DL,<DL,<DL,"0,04","11,29","0,1","0,26","0,34","13,44","1,73",<DL,"1891,15","1453,41","10947,41"
"m21/27_2,5-2,8","4034,79","36,34","18,28","287,63","4,22","6,58","4,91","8,2","0,51","0,42","0,01","17,72","18,23","2,46","9,86","2,05","0,42","1,69","0,23","1,25","0,23","0,63","0,07","0,49","0,06","1,22","1786,22","7007,13","1643,91","83817,96","7212,1","7,36","0,38","23,1","2,57","58,4","0,11",<DL,<DL,"1,12",<DL,<DL,"0,14",<DL,"0,02","0,31","12,02",<DL,<DL,<DL,<DL,<DL,<DL,<DL,"6,44","0,05","0,31","0,36","8,79","1,41",<DL,"1847,04","960,31","4068,68"
m21/27_22-25,"3820,25","33,66","19,5","48,52","3,65","6,94","22,39","22,38","0,25","0,34",<DL,"9,12","19,36","2,48","9,87","2,13","0,44","1,76","0,24","1,32","0,24","0,67","0,07","0,52","0,06","0,62","27928,57","6062,44","2108,94","26239,06","6215,44","6,26","0,44","37,46","1,66","31,9","0,21","0,02",<DL,1,<DL,<DL,"0,21",<DL,0,"0,09","4,9",<DL,<DL,<DL,<DL,<DL,<DL,<DL,"8,46","0,05","0,14","0,23","8,17","0,75",<DL,"1445,15","1253,7","6050,36"
m21/27_29-30,"1277,81","15,13","6,3","104,34","1,14","1,48","2,64","1,92","0,16","0,22",<DL,"2,2","3,63","0,56","2,31","0,48","0,1","0,43","0,05","0,32","0,05","0,16",<DL,"0,12","0,01","0,26","929,6","4456,92","592,87","66922,41","2144,91","2,14","0,09","8,27","1,18","167,51","0,02",<DL,<DL,"0,43",<DL,<DL,<DL,<DL,"0,01","0,13","2,13",<DL,<DL,<DL,<DL,<DL,<DL,<DL,1,<DL,"0,07","0,19","2,37","1,46",<DL,"836,33","1116,25","4996,27"
m21/27_32-34,"5135,17","34,33","19,79","195,96","4,08","8,75","7,54","11,26","0,98","0,48",<DL,"10,32","20,57","2,86","11,45","2,46","0,51","2,05","0,27","1,48","0,27","0,72","0,07","0,54","0,07","1,13","2530,67","4425,63","2131,45","29467,25","8120,57","8,95","0,39","23,94","2,82","58,96","0,03",<DL,<DL,"1,03","0,23",<DL,"0,14",<DL,"0,01","0,29","24,35",<DL,<DL,"0,14",<DL,<DL,<DL,<DL,"5,19","0,05","0,58","0,21","10,06","0,93",<DL,"1611,62","839,05","3824,03"
m21/27_36-38,"780,9","13,74","6,07","39,58","0,48","1,77","1,63","0,89","0,1","0,21","0,01","1,86","2,85","0,46","1,89","0,38","0,08","0,34","0,04","0,25","0,04","0,13",<DL,"0,09",0,"1,19","902,49","4040,37","375,67","91431,74","1756,61","1,45","0,05","5,37","0,85","277,05","0,07",<DL,<DL,"0,41","0,08",<DL,<DL,<DL,"0,01","0,15","2,23",<DL,<DL,<DL,<DL,<DL,<DL,<DL,"1,05",<DL,"0,08","0,22","2,43","1,66",<DL,"589,4","1126,18","5239,74"
m21/27_41-43,"377,84","7,75","4,67","43,86","0,33","0,43","1,35",<DL,"1,83","0,16",<DL,"1,28","1,74","0,32","1,34","0,27","0,05","0,24","0,02","0,18","0,03","0,09",<DL,"0,07",0,"0,33","880,4","3850,67","208,38","95935,1","1106,67","0,88","0,03","3,93","0,33","310,55","0,01",<DL,<DL,"0,4",<DL,<DL,<DL,<DL,"0,02","0,06","48,11",<DL,<DL,<DL,<DL,<DL,<DL,<DL,"0,28",<DL,<DL,"0,21","1,36","1,82",<DL,"251,47","1189,8","5512,57"
m21/27_47-49,"361,26","7,31","5,18",60,"0,45","0,6","12,51","2,65","3,32","0,19",<DL,"2,26",2,"0,53","2,14","0,42","0,09","0,35","0,04","0,25","0,04","0,13",<DL,"0,1","0,01","0,36","950,32","4222,29","210,23","130463,3","1199,84","0,92","0,03","4,11","0,36","325,34",<DL,<DL,<DL,"0,5",<DL,<DL,<DL,<DL,"0,02","0,07","103,32",<DL,<DL,<DL,<DL,<DL,<DL,<DL,"1,39",<DL,"0,05","0,32","2,09","1,96",<DL,"248,71","1185,17","5372,66"
m21/27_55-56,"246,65","6,69","4,68","58,91","0,29","0,59","2,5",<DL,"0,7","0,15",<DL,"1,92","2,12","0,43","1,72","0,34","0,06","0,27","0,03","0,2","0,03","0,1",<DL,"0,07",0,"0,54","1229,07","3677,44","186,22","199499,5","803,48","0,68","0,02","4,71","0,24","376,13",<DL,<DL,<DL,<DL,<DL,<DL,<DL,<DL,"0,02","0,04","23,57",<DL,<DL,<DL,<DL,<DL,<DL,<DL,"0,28",<DL,"0,04","0,43","1,54","1,82",<DL,"171,95","986,1","5465,15"
m21/27_68-70,"5237,24","26,08","21,89","355,28","5,99","10,46","14,96","13,35","0,55","0,44","0,03",14,"28,17","3,9","15,65","3,36","0,68","2,69","0,37","1,97","0,36","0,96","0,1","0,74","0,1","1,21","3360,88","4807,03","2271,02","16880,76","7535,5","7,47","0,47","31,16","1,49","22,79",<DL,<DL,<DL,"1,01",<DL,<DL,"0,11",<DL,"0,01","0,07","17,89",<DL,<DL,<DL,<DL,<DL,<DL,<DL,"6,86","0,06","0,4","0,19","10,93","0,58",<DL,"1756,86","818,63","3902,36"
m21/27_8-10,"7174,7","33,66","27,77","185,58","5,49","11,3","10,77","16,64","0,87","0,63","0,01","15,8","31,07","4,29","17,17","3,63","0,75","3,02","0,42","2,23","0,41","1,08","0,12","0,84","0,11","1,11","2218,76","4562,12","3216,34","5397,79","10852,29","10,31","0,52","42,33","3,41","10,91",<DL,<DL,<DL,"1,14",<DL,<DL,"0,26",<DL,"0,01","0,26","14,96",<DL,<DL,<DL,<DL,<DL,<DL,<DL,"8,34","0,09","0,59","0,22","14,96","0,85",<DL,"1794,49","725,27","3082,5"
m21/28_0-5,"4812,35","28,51","22,01","91,69","5,58","8,15","6,53","12,02","0,28","0,38","0,02","13,06","26,97","3,49","14,09","2,98","0,61","2,4","0,34","1,81","0,33","0,89","0,1","0,69","0,09","1,33","4055,08","5291,39","2113,66","29883,09","6776,55","7,36","0,51","34,57","1,67","32,66","0,19",<DL,<DL,"1,11",<DL,<DL,"0,15",<DL,"0,01","0,08","7,29",<DL,<DL,<DL,<DL,<DL,<DL,<DL,"9,53","0,07","0,23","0,24","8,57","0,77",<DL,"2039,13","1078,54","4509,29"
m21/28_15-17,"7059,4","40,12","32,61","106,98","5,53","10,65","13,57","35,29","0,45","0,42","0,02","15,51","31,83","4,14","16,57","3,54","0,73","2,89","0,41","2,23","0,42","1,13","0,12","0,89","0,12","0,8","23275,69","9218,78","3250,03","30718,4","11662,05","12,26","0,77","73,26","2,35","33,61","0,42","0,03",<DL,"1,52",<DL,<DL,"0,68",<DL,"0,01","0,24","10,14","0,03",<DL,<DL,<DL,<DL,<DL,"0,03","15,72","0,12","0,35","0,37",14,"0,83",<DL,"2470,99","1215,86","6284,6"
m21/28_20-25,"5470,86","39,88","24,31","300,52","5,18","8,53","14,79","11,42","0,62","0,44","0,01","14,9","28,97","4,03","15,94","3,4","0,71","2,75","0,39","2,11","0,39","1,07","0,11","0,82","0,11","0,93","1749,75","4104,02","1960,66","21201,8","9837,29","9,27","0,51","26,46","2,38","31,21","0,02",<DL,<DL,"1,11",<DL,<DL,"0,27",<DL,"0,02","0,3","13,97",<DL,<DL,<DL,<DL,<DL,<DL,"0,03","8,75","0,07","0,6","0,25","12,19","0,79",<DL,"1907,97","795,05","3326,51"
m21/28_26-27,"320,68","6,82","4,56","63,86","0,37","0,24","1,14",<DL,"0,04","0,16",<DL,"2,04","2,45","0,42","1,74","0,34","0,07","0,31","0,03","0,22","0,03","0,11",<DL,"0,09",0,"0,08","526,92","4546,5","187,7","88196,35","1002,18","0,72","0,03","4,05","0,3","204,4",<DL,<DL,<DL,<DL,<DL,<DL,<DL,<DL,"0,01","0,05","3,36",<DL,<DL,<DL,<DL,<DL,<DL,<DL,"0,43",<DL,"0,03","0,22","1,29","1,63",<DL,"223,21","1053,98","5163,17"
m21/28_32-33,"5157,2","39,08","21,07","189,59","4,36","7,88","7,46","11,67","0,59","0,43","0,01","13,36","26,72","3,57","14,61","3,08","0,62","2,45","0,34","1,83","0,34","0,92","0,1","0,72","0,09","0,59","2160,42","3477,05","1824,76","22209,78","8251,45","8,1","0,47","23,2","2,25","31,1","0,01",<DL,<DL,"1,03",<DL,<DL,"0,2",<DL,"0,01","0,26","14,16",<DL,<DL,<DL,<DL,<DL,<DL,"0,03","7,44","0,06","0,42","0,21","11,28","0,83",<DL,"1987,53","768,94","3538,29"
m21/28_33-34,"458,3","7,45","4,01","82,19","0,65","0,41","8,57","1,17",<DL,"0,15",<DL,"2,38","3,46","0,61","2,56","0,52","0,1","0,42","0,05","0,3","0,05","0,15",<DL,"0,11","0,01","0,1","2628,75","3651,76","364,05","56077,3","821,8","0,94","0,05","5,72","0,39","135,36",<DL,<DL,<DL,<DL,<DL,<DL,<DL,<DL,"0,01","0,05","0,41",<DL,<DL,<DL,<DL,<DL,<DL,<DL,"0,83",<DL,<DL,"0,14","1,14","0,84",<DL,"302,05","1116,48","5105,93"
m21/28_35-37,"7073,19","31,88","24,08","585,18","6,56","12,59","13,9","18,33","1,53","0,54","0,04","15,38","32,75","4,18","16,63","3,6","0,71","2,82","0,4","2,09","0,38","1,02","0,11","0,79","0,1","1,51","2886,92","4804,67","2670,08","16179,77","11153,68","13,21","0,54","29,54","3,51","25,5","0,03",<DL,"0,02","1,18",<DL,<DL,"0,35",<DL,"0,02","0,57","53,11",<DL,"0,59",<DL,<DL,<DL,<DL,"0,1","8,87","0,09","0,89","0,26","13,87","1,17",<DL,"1915,22","773,11","3295,3"
m21/28_46-48,"1145,39","20,63","7,09","195,9","1,42","2,73","6,27","3,85","0,32","0,26",<DL,"2,8","4,47","0,74","3,05","0,63","0,12","0,52","0,06","0,37","0,06","0,19","0,01","0,14","0,01","0,49","755,57","3766,28","437,45","67349,28","2704,29","2,57","0,06","6,16","1,02","191,04","0,01",<DL,"0,1","0,47",<DL,<DL,<DL,<DL,"0,02","0,22","8,09",<DL,<DL,<DL,<DL,<DL,<DL,<DL,"1,34",<DL,"0,11","0,21","2,73","1,96",<DL,"767,04","1090,64","4714,71"
m21/28_50-51,"511,42","8,07","4,02","49,01","0,41","0,47","25,03","8,08","0,4","0,16",<DL,"1,24","1,74","0,33","1,38","0,31","0,05","0,26","0,03","0,18","0,03","0,09",<DL,"0,06",<DL,<DL,"465,31","3262,36","246,08","44694,8","1243,91","1,11","0,02","4,19","0,5","116,63",<DL,<DL,"0,01",<DL,<DL,<DL,<DL,<DL,"0,01","0,1","9,86",<DL,<DL,<DL,<DL,<DL,<DL,<DL,"0,88",<DL,<DL,"0,14","1,37","1,35",<DL,"394,97","1075,71","5040,67"
m21/28_52-53,"5479,56","39,11","21,89","297,81","4,46","9,36","12,21","14,17","1,21","0,58","0,06","10,83","22,23","2,98","11,98","2,53","0,49","1,92","0,26","1,39","0,24","0,67","0,07","0,52","0,06","0,54","2282,92","4242,65","2398,73","51689,74","9274,18","8,45","0,33","25,54","4,52","143,52","0,04",<DL,"0,05","0,91",<DL,<DL,"0,19",<DL,"0,03","0,77","26,43",<DL,<DL,<DL,<DL,<DL,<DL,"0,05","6,14","0,05","0,97","0,34","10,82","2,76",<DL,"1911,95","741,88","3411,48"
m21/28_55-56,"1630,56","25,84","8,47","97,98","1,29","2,59","4,38","9,12","0,27","0,29",<DL,"3,74","5,83",1,"4,11","0,86","0,16","0,69","0,09","0,5","0,09","0,25","0,02","0,18","0,02","0,35","1416,57","5866,7","808,69","88554,39","3087,86","2,63","0,09","9,7","1,7","204,72","0,02",<DL,"0,05","0,56",<DL,<DL,<DL,<DL,"0,02","0,31","5,25",<DL,<DL,<DL,<DL,<DL,<DL,<DL,"1,34",<DL,"0,21","0,26","3,41","2,02",<DL,"1196,07","1073,5","4747,66"
m21/28_57-59,"2904,05","28,52","13,07","131,84","2,58","4,9","5,06","5,89","0,6","0,39","0,02","6,7","12,19","1,79","7,2","1,51","0,29","1,18","0,15","0,84","0,15","0,41","0,03","0,3","0,03",<DL,"1830,66","4033,97","1291,26","72336,43","4629,06","4,27","0,19","16,86","2,14","164,19","0,02",<DL,"0,11","0,66",<DL,<DL,<DL,<DL,"0,02","0,19","13,84",<DL,<DL,<DL,<DL,<DL,<DL,<DL,"2,86","0,04","0,35","0,26","5,94","1,4",<DL,"1528,8","915,14","4220,79"
m21/28_61-62,"1326,35","19,54","6,78","65,08","0,85","1,72","15,24","9,7","0,42","0,25",<DL,"2,62","3,55","0,68","2,76","0,58","0,11","0,47","0,06","0,34","0,06","0,17",<DL,"0,12","0,01",<DL,"1204,56","4950,24","682,97","84433,67","2343,14","2,07","0,07","8,29","1,6","208,54","0,02",<DL,<DL,<DL,<DL,<DL,<DL,<DL,"0,01","0,29","9,76",<DL,<DL,<DL,<DL,<DL,<DL,<DL,"1,25",<DL,"0,16","0,25","2,84","1,69",<DL,"1038,72","1006,64","4775,43"
m21/28_64-65,"7243,43","39,46","27,34","244,77","5,74","11,83","8,67","15,81","1,07","0,65","0,01","15,11","30,18","4,17","16,54","3,51","0,69","2,81","0,39","2,06","0,37",1,"0,12","0,79","0,1","0,16","3007,33","4757,32","3095,33","9571,55","11570,57","10,8","0,49","38,17","4,02","21,02","0,03",<DL,"0,02","1,16",<DL,<DL,"0,3",<DL,"0,02","0,45","18,3",<DL,<DL,<DL,<DL,<DL,<DL,"0,05","8,38","0,1","0,78","0,24","14,67","1,28",<DL,"1717,7","738,73","3202,12"
m21/29,"6308,85","39,53","25,89","241,9","5,47","10,79","8,55","13,96","0,82","0,54","0,02","15,55","30,39","4,29","17,18","3,69","0,72","2,9","0,4","2,13","0,38","1,05","0,11","0,81","0,11","1,45","3278,17","4733,31","2617,5","13495,51","10050,98","9,49","0,47","34,45","2,89","25,59","0,03",<DL,<DL,"1,23",<DL,<DL,"0,29",<DL,"0,02","0,29","17,74",<DL,<DL,<DL,<DL,<DL,<DL,"0,05","7,82","0,1","0,8","0,23","13,03","0,88",<DL,"1745,04","713,2","3318,16"
m21/30_13-14,"6812,42","36,34","28,94","306,67","7,25","11,37","12,63","16,89","0,89","0,65",<DL,"15,96","33,24","4,31","16,89","3,66","0,73","2,98","0,41","2,22","0,4","1,11","0,12","0,85","0,11","1,72","2340,48","3645,89","2506,21","2512,32","12331,04","11,24","0,62","32,34","2,89","5,64","0,05",<DL,<DL,"1,33",<DL,<DL,"0,38",<DL,"0,02","0,34","18,89",<DL,<DL,<DL,<DL,<DL,<DL,"0,04","11,61","0,1","0,58","0,29","14,79","0,9",<DL,1659,"763,46","3401,12"
m21/30_16-19,"1205,99","21,24","7,59","45,26","0,91","1,32","4,04","8,61","0,14","0,24",<DL,"3,72","5,02","0,84","3,4","0,66","0,13","0,57","0,07","0,4","0,07","0,21","0,01","0,15","0,01","0,5","443,77","1642,87","489,24","22806,77","2645,25","1,96","0,1","10,42","1,09","40,04","0,01",<DL,<DL,<DL,<DL,<DL,<DL,<DL,<DL,"0,22","2,1",<DL,<DL,<DL,<DL,<DL,<DL,<DL,"1,52",<DL,"0,09","0,09","4,27","0,79",<DL,"783,95","975,66","4859,08"
m21/30_19-23,"1635,83","31,52","11,08","166,71","2,55","2,63","20,22","19,97","1,28","0,35",<DL,"3,38","7,26","0,89","3,58","0,72","0,14","0,58","0,07","0,42","0,07","0,21",<DL,"0,16","0,01","0,2","499,87","1381,88","577,75","15542,5","4946,37","2,55","0,14","7,94","1,5","35,17","0,01",<DL,"0,03",<DL,<DL,<DL,"28,3","0,04","0,01","0,25","25,33",<DL,<DL,<DL,<DL,<DL,<DL,<DL,"4,38",<DL,"0,11","0,1","6,87","1,76",<DL,"968,08","1052,76","4717,44"
m21/30_23-25,"7499,4","29,36","28,4","306,07","7,34","13,76","10,2","17,36","1,3","0,54","0,01","19,79","42,24","5,51","21,86","4,72","0,95","3,78","0,52","2,79","0,51","1,36","0,14","1,03","0,14","1,62","3014,58","5715,77","2722,33","8980,16","10986,38","15,2","0,67","32,86","1,99","8,1","0,05",<DL,<DL,"1,83",<DL,<DL,"1,36",<DL,"0,02","0,18","66,65",<DL,<DL,<DL,<DL,<DL,<DL,"0,04","11,39","0,11","0,7","0,26","15,81","0,54",<DL,"1901,63","738,26",3258
m21/31_11-13,"6299,71","36,63","28,38","191,96","5,78","10,2","14,19","16,89","0,74","0,63","0,03","13,8","29,4","3,79","15,3","3,24","0,66","2,72","0,37",2,"0,37","1,01","0,11","0,77","0,1","1,41","3093,63","3489,34","2241,64","1407,5","12135,77","10,78","0,65","53,1","2,44","6,45","0,04",<DL,<DL,"1,22",<DL,<DL,"0,56",<DL,"0,01","0,53","16,84",<DL,<DL,<DL,<DL,<DL,<DL,"0,03","10,66","0,09","0,26","0,3","15,49","0,78",<DL,"1648,76","937,88","3943,2"
m21/31_15-19,"2361,27","29,14","12,68","128,41","2,7","3,93","4,19","4,57","0,4","0,41",<DL,"4,77","9,95","1,29","5,17","1,08","0,22","0,92","0,12","0,67","0,12","0,33","0,02","0,26","0,03","0,11","921,69","1491,25","965,79","2150,92","4942,17","3,91","0,24","24,53","1,74","5,14",<DL,<DL,<DL,<DL,<DL,<DL,"0,16",<DL,<DL,"0,24","4,87",<DL,<DL,"0,06",<DL,<DL,<DL,<DL,"3,67",<DL,"0,08","0,09","7,73","0,9",<DL,"1190,91","987,2","4340,53"
m21/31_21-27,"7367,54","35,9","30,03","388,27","7,4","13,57","18,53","19,47","1,69","0,73","0,02","17,19","35,12","4,65","18,78","4,04","0,83","3,35","0,46","2,45","0,45","1,21","0,14","0,94","0,12","0,7","2341,98","4148,32","2495,19","2341,81","12517,7","12,78","0,61","37,35","2,99","6,2","0,02",<DL,<DL,"1,31",<DL,<DL,"0,44",<DL,"0,02","0,73",75,<DL,<DL,<DL,<DL,<DL,<DL,"0,05","10,51","0,11","0,64","0,24","15,96","0,83",<DL,"1660,74","758,2","3239,67"
m21/31_30-32,"2408,91","28,58","11,91","138,57","2,46","4,81","24,74","23,81","0,54","0,42",<DL,"4,41","9,36","1,18","4,73","0,99","0,2","0,84","0,11","0,61","0,11","0,3","0,03","0,23","0,02","1,06","1428,22","1491,09","1151,91","1784,05","4344,3","4,19","0,21","19,34","2,1","4,25","0,01",<DL,<DL,<DL,<DL,<DL,"0,09",<DL,<DL,"0,29","8,23",<DL,<DL,<DL,<DL,<DL,<DL,<DL,"3,61",<DL,"0,1","0,1","7,95","0,81",<DL,"1263,94","1033,3","4322,6"
m21/31_35-37,"1543,89","26,96","10,08","84,01","2,8","2,67","3,25","4,02","0,54","0,3",<DL,"4,22","9,16","1,11","4,47","0,92","0,18","0,74","0,09","0,53","0,09","0,27","0,02","0,2","0,02","0,16","2097,69","1503,73","7667,87","12413,16","3394,24","2,42","0,16","13,81","13,72","24,72",<DL,<DL,<DL,<DL,<DL,<DL,<DL,<DL,"0,01","0,18","12,05",<DL,<DL,<DL,<DL,<DL,<DL,<DL,"2,6",<DL,"0,08","0,13","5,06","0,91",<DL,"866,18","1021,76","4879,45"
m21/31_39-41,"4113,77","26,48","23,44","174,48","6,04","6,5","7,58","5,79","0,51","0,41",<DL,"17,51","37,57","4,88","19,57","4,25","0,9","3,62","0,5","2,71","0,51","1,4","0,15","1,07","0,14","1,23","3126,42","3056,25","1643,47","2685,59","6917,79","6,88","0,69","35,5","0,79","4,14","0,02",<DL,<DL,"1,58","0,06",<DL,"0,18",<DL,"0,01","0,07","37,58",<DL,<DL,<DL,<DL,<DL,<DL,<DL,"10,58","0,09","0,33","0,22","11,25","0,33",<DL,"1294,98","914,16","4079,8"
m21/33,"2627,49","24,19","13,35","225,04","3,71","4,21","14,71","10,78","0,5","0,28","0,11","8,54","27,36","2,27","9,17","1,93","0,4","1,64","0,22","1,22","0,23","0,64","0,07","0,49","0,06","0,55","199,91","1618,72","1589,95","18866,64","3800,2","2,33","0,34","7,35","0,82","24,24","0,28",<DL,<DL,"0,84","0,06",<DL,"0,02",<DL,"0,01","0,13","26,01",<DL,<DL,<DL,<DL,<DL,<DL,<DL,"6,86","0,03","0,15","0,1","5,31","0,96",<DL,"1154,01","1133,07","5150,55"
m21/34a,"1848,12","24,13","10,84","70,39","2,4","3,29","19,85","31,89","0,42","0,27","0,02","6,08","12,07","1,59","6,45","1,34","0,27","1,1","0,14","0,81","0,15","0,42","0,04","0,32","0,04","0,1","186,41","1390,46","578,63","27812,16","3324,41","2,02","0,28","4,77","1,13","7,9","0,05",<DL,<DL,"0,58",<DL,<DL,"0,33","0,03",<DL,"0,17","16,24",<DL,<DL,<DL,<DL,<DL,<DL,<DL,"6,92","0,05","0,05","0,14","5,1","0,69",<DL,"936,15","1223,57","5161,98"
m21/34b,"3934,49","36,29","19,65","236,87","5,47","7,28","16,74","21,33","0,71","0,36","0,03","10,76","22,29","2,9","11,73","2,47","0,51","2,03","0,28","1,52","0,28","0,77","0,08","0,6","0,08","1,61",108,"2136,69","1024,35","14644,46","6590,61","5,02","0,51","7,46","1,45","5,43",<DL,<DL,<DL,1,<DL,<DL,"0,29","0,03","0,01","0,33","31,78",<DL,<DL,<DL,<DL,<DL,<DL,<DL,"9,56","0,06","0,05","0,2","9,04","0,7",<DL,"1766,8","1145,66","5048,81"
m21/35,"4716,22","47,67","22,81","102,29","4,03","7,12","22,54","37,65","0,4","0,37","0,02","11,79","23,84","3,17","12,7","2,76","0,52","2,09","0,29","1,59","0,29","0,81","0,09","0,62","0,08","0,33","55801,62","9115,44","3603,64","23617,95","8254,3","8,91","0,5","84,43","2,42","29,75","0,15","0,01",<DL,"1,12",<DL,<DL,"0,71","0,02","0,01","0,31","12,03",<DL,<DL,<DL,<DL,<DL,<DL,"0,04","9,26","0,12","0,22","0,33","10,54","1,22",<DL,"2149,65","1274,44","9852,75"
m21/36,"491,28","4,99","5,17","46,71","0,24","0,2","0,66",<DL,<DL,"0,16",<DL,"1,43","2,02","0,35","1,45","0,31","0,05","0,27","0,03","0,19","0,03","0,1",<DL,"0,07",0,<DL,"2708,79",4053,"234,6","92180,22","1087,54","0,67","0,01","5,73","0,3","282,37","0,1",<DL,<DL,<DL,<DL,<DL,<DL,<DL,"0,02","0,03","1,28","0,04",<DL,<DL,<DL,<DL,<DL,<DL,"0,47",<DL,"0,1","0,23","1,45","2,78",<DL,"96,56","1176,51","5881,68"
m21/37,"144,75","3,92","4,67","42,8","0,2","0,03","1,01","0,11",<DL,"0,14",<DL,"1,05","1,36","0,25","1,08","0,22","0,04","0,2","0,02","0,15","0,02","0,08",<DL,"0,05",<DL,<DL,"686,15","3071,93","130,59",78131,"913,8","0,58","0,01","4,21","0,09","266,91",<DL,<DL,"0,01",<DL,<DL,<DL,<DL,<DL,"0,02","0,02","0,13",<DL,<DL,<DL,<DL,<DL,<DL,<DL,"0,38",<DL,"0,05","0,21","1,19","2,52",<DL,"71,72","1220,46","5672,46"
m21/38,"195,92","4,77","4,71","49,01","0,22","0,15","6,31",1,<DL,"0,15",<DL,"1,32","1,63","0,3","1,29","0,26","0,04","0,22","0,02","0,17","0,03","0,09",<DL,"0,07",0,<DL,"490,08","4013,57","144,38","84536,38","928,17","0,5","0,01","3,18","0,13","236,91","0,01",<DL,<DL,<DL,<DL,<DL,<DL,<DL,"0,02","0,03","0,8",<DL,<DL,<DL,<DL,<DL,<DL,<DL,"0,97",<DL,"0,07","0,22","1,14","2,56","0,06","84,51","1185,19","5539,44"
m21/39,"314,79","64,83","5,21","45,3","0,29","0,33","1,23","2,63",<DL,"0,18",<DL,"1,25","1,58","0,29","1,24","0,26","0,04","0,21","0,02","0,15","0,02","0,08",<DL,"0,06",<DL,<DL,"469,94","3492,68","209,8","76125,69","1256,7","0,8","0,02","3,7","0,35","214,84","0,07",<DL,"0,03",<DL,<DL,<DL,<DL,<DL,"0,02","0,07","0,88",<DL,<DL,<DL,<DL,<DL,<DL,<DL,"0,59",<DL,<DL,"0,22","1,47","2,49",<DL,"192,56","1255,2","5525,25"
m21/40_0-1,"176,47","5,88","5,24","38,37","0,26","0,75","2,33","4,58","0,01","0,17","0,01","1,89","1,95","0,44","1,85","0,38","0,07","0,31","0,03","0,24","0,04","0,13",<DL,"0,09","0,01",<DL,"1766,7","3181,47","198,72","179326,8","990,63","0,68","0,02","5,75","0,15","580,67","0,02",<DL,<DL,"0,77",<DL,<DL,<DL,<DL,"0,05","0,03","4,78",<DL,<DL,<DL,<DL,<DL,<DL,<DL,"0,68",<DL,"0,05","0,38","1,19","2,74",<DL,"123,62","1097,92","5724,24"
m21/40_15-19,"175,99","4,89","4,52","35,28","0,21","0,31","0,81",<DL,<DL,"0,17",<DL,"1,59","1,69","0,4","1,65","0,33","0,06","0,27","0,03","0,2","0,03","0,1",<DL,"0,08",0,<DL,"1152,56","4526,63","179,53","128133,7","792,29","0,61","0,02","5,84","0,19","386,52","0,04",<DL,<DL,"0,48",<DL,<DL,<DL,<DL,"0,03","0,03","1,44",<DL,<DL,<DL,<DL,<DL,<DL,<DL,"0,39",<DL,"0,06","0,31","1,14","2,25",<DL,"94,83","1148,22","5768,35"
m21/40_25-28,"173,13","4,85","5,06","43,41","0,23","0,29","1,26","2,04",<DL,"0,18",<DL,"1,13","1,52","0,28","1,2","0,25","0,04","0,22","0,02","0,16","0,03","0,09",<DL,"0,06",0,<DL,"1152,96","2940,04","167,49","102693,5","1044,69","0,78","0,01","7,43","0,11","374,77",<DL,<DL,<DL,"0,52",<DL,<DL,<DL,<DL,"0,03","0,02","1,63",<DL,<DL,<DL,<DL,<DL,<DL,<DL,"0,51",<DL,<DL,"0,24","1,25","2,76",<DL,"88,79","1181,53","5878,88"
m21/41,"204,86","5,39","5,26","47,39","0,31","0,41","1,07","1,74",<DL,"0,17",<DL,"1,46","1,87","0,35","1,49","0,31","0,06","0,26","0,03","0,2","0,03","0,1",<DL,"0,07",0,"0,18","2476,89","3677,16","216,87","92686,57","1128,08","0,89","0,02","5,76","0,13","329,27","0,01",<DL,<DL,"0,49",<DL,<DL,<DL,<DL,"0,02","0,02","0,88",<DL,<DL,<DL,<DL,<DL,<DL,<DL,"0,75",<DL,<DL,"0,23","1,43","2,73",<DL,"109,9","1185,53","5909,78"
m21/42,"204,92","4,26","5,27","49,35","0,28","0,39","7,62","1,17",<DL,"0,17",<DL,"1,13","2,24","0,27","1,18","0,25","0,04","0,22","0,02","0,17","0,02","0,09",<DL,"0,07",0,<DL,"2677,17","4118,87","214,35","97031,18","1292,99","0,97","0,01","5,93","0,09","364,15","0,02",<DL,<DL,"0,47",<DL,<DL,<DL,<DL,"0,02","0,02","0,89",<DL,<DL,<DL,<DL,<DL,<DL,<DL,"1,05",<DL,<DL,"0,22","1,36","2,88",<DL,"108,5","1240,43","5716,56"
m21/43,"308,48","3,89","6,25","100,72","0,54","0,62","19,02","7,3",<DL,"0,22",<DL,"0,99","1,6","0,27","1,21","0,31","0,05","0,27","0,03","0,21","0,03","0,11",<DL,"0,08",0,<DL,"3058,04","4572,43","203,28","97629,26","2113,76","1,5","0,02","6,28","0,11","456,38",<DL,<DL,<DL,"0,53",<DL,<DL,<DL,<DL,"0,03","0,03","2,34",<DL,<DL,<DL,<DL,<DL,<DL,<DL,"1,33",<DL,"0,05","0,21","1,53","5,68",<DL,"137,75","1198,46","5886,92"
m21/44,"519,88","5,61","7,64","116,65","0,78","1,15","8,64","6,81","0,07","0,28",<DL,"1,21","1,99","0,32","1,45","0,35","0,06","0,32","0,04","0,24","0,04","0,13",<DL,"0,1","0,01",<DL,"3430,03","4966,45","248,17","112579,5","3267,35","2,46","0,03","7,58","0,13","520,5","0,01",<DL,"0,01","0,66",<DL,<DL,<DL,"0,03","0,04","0,05","4,32",<DL,<DL,<DL,<DL,<DL,<DL,<DL,"1,94",<DL,"0,06","0,24","1,98","7,96",<DL,"223,13","1228,37","5963,11"
m21/45,"556,56","5,36","8,15","113,36","0,85","1,17","0,7","3,84","0,04","0,27",<DL,"1,18","1,97","0,31","1,43","0,38","0,07","0,34","0,04","0,25","0,04","0,13",<DL,"0,1","0,01","0,78","3033,85","4817,57","323,6","108453,9","3463,19","2,48","0,03","7,47","0,15","481,82","0,17",<DL,"0,01","0,68",<DL,<DL,<DL,<DL,"0,03","0,05","2,87",<DL,<DL,<DL,<DL,<DL,<DL,<DL,"1,63",<DL,"0,18","0,23","2,1","7,99",<DL,"252,14","1214,41","6044,26"
m21/46,"609,7","7,48","8,95","133,04","0,95","1,38","1,71","4,87","0,04","0,29",<DL,"1,28","2,11","0,34","1,55","0,4","0,07","0,36","0,04","0,27","0,04","0,14",<DL,"0,11","0,01",<DL,"3215,26","4888,34","246,46","108974,1","3723,6","2,72","0,03","9,24","0,15","481,37","0,01",<DL,"0,03","0,7",<DL,<DL,<DL,<DL,"0,04","0,05","3,08",<DL,<DL,<DL,<DL,<DL,<DL,<DL,"1,78",<DL,"0,06","0,27","2,25","8,41",<DL,"236,55","1186,7","5596,54"
m21/47,"620,18","6,69","9,2","128,67","0,96","1,5","1,16","5,84","0,06","0,28",<DL,"1,34","2,18","0,36","1,61","0,41","0,07","0,36","0,04","0,28","0,05","0,14",<DL,"0,11","0,01","0,07","3091,48","4840,72","235,23","109540,5","3768,63","2,83","0,04","8,8","0,17","500,44","0,01",<DL,"0,06","0,76","0,21",<DL,<DL,"0,04","0,04","0,06","3,45",<DL,<DL,<DL,<DL,<DL,<DL,<DL,"1,94","0,03","0,07","0,25","2,34","8,58",<DL,"284,5","1314,8","6261,53"
m21/48,"577,69","6,16","9,38",132,"0,89","1,35","1,04","4,9","0,03","0,3",<DL,"1,5","2,46","0,4","1,77","0,45","0,08","0,38","0,05","0,3","0,05","0,16","0,01","0,12","0,01","1,03","3316,08","5062,66","217,81","112954,7","3836,91","2,5","0,04","8,26","0,17","494,3","0,01",<DL,<DL,"0,66","1,73",<DL,<DL,"0,04","0,04","0,05","3,36",<DL,<DL,<DL,<DL,<DL,<DL,<DL,"2,28",<DL,"0,06","0,24","2,37","8,55",<DL,"265,9","1275,58","6101,3"
m21/49,"558,15","5,77","8,5","118,77","0,84","1,33","13,23","15,98","0,04","0,26","0,01","1,26","2,05","0,33","1,49","0,37","0,06","0,33","0,04","0,25","0,04","0,13",<DL,"0,1","0,01","0,08","3275,97","4597,44","230,36","98594,13","3522,12","2,43","0,03","7,72","0,16",446,"0,02",<DL,"0,01","0,6","0,25",<DL,<DL,"0,03","0,03","0,05","2,93",<DL,<DL,<DL,<DL,<DL,<DL,<DL,"2,47",<DL,"0,16","0,23","2,15","7,74",<DL,"245,36","1299,04","6001,08"
m21/50,"501,88","6,81",10,"149,46","0,88","1,47","0,97","3,93","0,06","0,34",<DL,"1,56","2,53","0,4","1,75","0,44","0,09","0,42","0,05","0,32","0,05","0,17",<DL,"0,12","0,01","1,8","4070,65",6299,"260,29","139663,7","3745,98","2,23","0,04","10,24","0,15","541,77","0,01",<DL,"0,02","0,61","0,09",<DL,<DL,<DL,"0,05","0,06","4,78",<DL,<DL,<DL,<DL,<DL,<DL,<DL,"1,88",<DL,"0,11","0,27","2,51","8,23",<DL,"276,11","943,23","7187,62"
m21/51,"548,88","5,71","8,6","116,1","0,86","1,35","7,74","8,46","0,06","0,31",<DL,"1,34","2,1","0,33","1,47","0,36","0,07","0,32","0,04","0,25","0,04","0,13",<DL,"0,1","0,01","0,42","3128,01","5095,71","236,96","112168,3","3565,67","2,35","0,03","8,17","0,15","484,26","0,01",<DL,"0,01","0,54",<DL,<DL,<DL,"0,03","0,03","0,04","3,83",<DL,<DL,<DL,<DL,<DL,<DL,<DL,"1,83",<DL,"0,08","0,22","2,26","8,03",<DL,"262,51","1052,43","7016,77"
m21/52,"446,26","6,66","8,21","105,22","0,64","1,01","18,05","10,74","0,04","0,27",<DL,"1,33","2,01","0,32","1,4","0,35","0,07","0,32","0,04","0,23","0,04","0,11",<DL,"0,09",0,"1,5","3604,58","6089,54","252,05","125743,5","2780,39",2,"0,03","8,66","0,19","523,67",<DL,<DL,"0,02","0,56",<DL,<DL,<DL,"0,03","0,04","0,05","3,87",<DL,<DL,<DL,<DL,<DL,<DL,<DL,"2,3",<DL,"0,11","0,26","2,11","6,19",<DL,"227,21","1068,85","6223,87"
m21/53,"630,65","6,23","7,46","95,84","0,6","0,98","6,26","7,26","0,12","0,25",<DL,"1,82","2,45","0,37","1,55","0,36","0,07","0,31","0,04","0,23","0,04","0,12",<DL,"0,09","0,01","0,18","3684,41","4692,23","249,96","98710,41","2557,63","2,01","0,02","7,46","1,22","445,12","0,07",<DL,0,"0,48",<DL,<DL,<DL,"0,03","0,03","0,08","6,12","0,01",<DL,<DL,<DL,<DL,<DL,<DL,"1,74",<DL,"0,2","0,24","2,03","5,38",<DL,"221,04","1109,51","6063,11"
m21/54,"321,12","5,72","7,61","94,29","0,53","0,81","12,06","11,89","0,03","0,23",<DL,"1,21","1,78","0,29","1,29","0,29","0,05","0,26","0,03","0,2","0,03","0,11",<DL,"0,08",0,<DL,"2917,86","6348,12","212,17","125679,5","2092,85","1,56","0,02","6,87","0,12","529,26",<DL,<DL,<DL,"0,6",<DL,<DL,<DL,"0,02","0,05","0,03","3,73",<DL,<DL,<DL,<DL,<DL,<DL,<DL,"1,66",<DL,"0,03","0,28","1,86","5,2",<DL,"151,97","1152,44","6059,77"
m21/55,"332,45",6,"7,7","81,07","0,47","1,32","0,87","1,63",<DL,"0,24",<DL,"1,96","2,57","0,46","1,9","0,42","0,08","0,34","0,04","0,27","0,05","0,14",<DL,"0,1","0,01","1,6","4279,56","6908,86","266,63","164623,3","2019,17","1,63","0,03","8,57","0,16","573,63","0,12",<DL,"0,01","0,75",<DL,<DL,<DL,<DL,"0,06","0,05","3,9",<DL,<DL,<DL,<DL,<DL,<DL,<DL,"1,19",<DL,"0,07","0,39","2,04","4,56",<DL,"146,97","1275,99","6298,48"
m21/56,"304,65","5,86","6,96","82,73","0,42","0,61","0,86","1,76",<DL,"0,21",<DL,"2,23","2,15","0,36","1,54","0,34","0,06","0,29","0,03","0,22","0,04","0,12",<DL,"0,09",0,"1,36","3714,77","5541,05","258,29","130511,4","1879,95","1,51","0,02","8,44","0,15","516,09","0,15",<DL,0,"0,7",<DL,<DL,<DL,<DL,"0,04","0,03","2,8",<DL,<DL,<DL,<DL,<DL,<DL,<DL,1,<DL,"0,07","0,33","1,87","4,55",<DL,"151,1","1219,61","6183,6"
m21/57,"528,71","10,78","9,89",96,"0,64","1,65","0,92","8,82","0,03","0,26","0,04","3,39","4,01","0,71","3,03","0,67","0,12","0,55","0,07","0,41","0,07","0,22","0,02","0,16","0,02","0,14","6162,22","8948,46","663,51","185005,7","2821,45","2,35","0,05","13,93","0,29","537,74","0,06",<DL,"0,01","1,05",<DL,<DL,"1,03","0,11","0,05","0,07","6,86",<DL,<DL,<DL,<DL,<DL,<DL,<DL,"2,16",<DL,"0,04","0,5","3,11","5,11",<DL,"289,2","1390,96","6572,06"
m21/58,"433,79","10,64","7,39","72,85","0,44","1,36","10,17","10,35","0,09","0,21","0,01","3,05","3,84","0,65","2,78","0,59","0,11","0,47","0,06","0,36","0,07","0,2","0,01","0,15","0,01",<DL,"4350,7","7029,48","306,16","156662,4","1887,27","1,81","0,03","11,23","0,24","493,17",<DL,<DL,<DL,"0,81",<DL,<DL,<DL,<DL,"0,04","0,06","6,81",<DL,<DL,<DL,<DL,<DL,<DL,<DL,"1,98",<DL,"0,04","0,44","2,38","3,08",<DL,"237,96","1246,33","6215,27"
m21/59,"213,32","5,73","5,63","50,86","0,26","0,26","0,78",<DL,"0,12","0,17","0,05","1,88","2,1","0,5","1,76","0,46","0,15","0,37","0,11","0,29","0,11","0,19","0,07","0,15","0,07","66,87","3400,63","3818,81","226,63","105655,1","1211,61","0,96","0,02","5,42","0,13","366,16",<DL,<DL,<DL,"0,51","149,92","0,71",<DL,<DL,"0,06","0,04","1,67",<DL,<DL,<DL,<DL,<DL,<DL,<DL,"1,31","0,67","0,15","0,47","1,48","3,12","0,06","98,36","1202,79","5765,79"
m21/60,"165,17","5,53","5,18","48,19","0,22","0,33","0,66","0,1",<DL,"0,16",<DL,"1,6","1,65","0,31","1,32","0,28","0,04","0,23","0,02","0,17","0,03","0,09",<DL,"0,06",0,"1,75","849,5","4013,65","163,86","116398,3","1068,57","0,71","0,01","3,55","0,12","355,9","0,05",<DL,<DL,"0,57","1,03",<DL,<DL,<DL,"0,03","0,03","1,8",<DL,<DL,<DL,<DL,<DL,<DL,<DL,"0,63",<DL,"0,06","0,27","1,48","2,92",<DL,"80,99","1199,42","5821,84"
m21/61_30-31,"718,65","15,31","5,98","20,58","0,63","0,93","10,25","3,03",<DL,"0,22",<DL,"2,55","3,87","0,61","2,53","0,49","0,08","0,37","0,04","0,25","0,04","0,12",<DL,"0,09",0,<DL,"749,6","3189,3","376,61","31475,04","1879,9","1,54","0,07","5,91","0,8","59,03",<DL,<DL,<DL,<DL,"0,29",<DL,<DL,<DL,"0,01","0,14",<DL,<DL,<DL,<DL,<DL,<DL,<DL,<DL,"1,75",<DL,<DL,"0,14","3,35","0,99",<DL,"401,68","1149,91","4898,39"
m21/62_18-19,"559,83","13,79","5,36","30,65","0,58","0,55","1,61",<DL,<DL,"0,2",<DL,"2,48","3,86","0,59","2,42","0,46","0,08","0,35","0,04","0,23","0,03","0,11",<DL,"0,08",0,<DL,"529,13","1963,1","289,69","29749,19","1467,2","1,14","0,05","4,13","0,63","66,65",<DL,<DL,<DL,<DL,"0,22",<DL,<DL,<DL,"0,01","0,13",<DL,<DL,<DL,<DL,<DL,<DL,<DL,<DL,"1,15",<DL,<DL,"0,11","2,82","0,96",<DL,"350,17","1181,29","5102,62"
m21/62_35-38,"656,39","13,45","5,49","38,6","0,56","0,97","16,9","8,32",<DL,"0,17",<DL,"1,85","2,68","0,44","1,84","0,37","0,07","0,32","0,03","0,24","0,04","0,12",<DL,"0,09",0,"0,53","822,23","3828,68","353,8","55826,86","1442,21","1,49","0,06","4,41","0,69","140,09",<DL,<DL,<DL,"0,43","0,17",<DL,<DL,<DL,"0,01","0,14","0,13",<DL,<DL,<DL,<DL,<DL,<DL,<DL,"1,17",<DL,<DL,"0,17","2,19","1,33",<DL,"447,84","1165,76","5288,02"
m21/62_51-55,"673,68","14,44","6,25","37,07","0,77",1,"14,34","11,34",<DL,"0,21",<DL,"2,22","3,28","0,54","2,31","0,46","0,08","0,37","0,04","0,26","0,04","0,13",<DL,"0,1","0,01",<DL,"1679,21","3578,49","369,75","55403,81","1730,62","1,58","0,06","5,51","0,74","150,27",<DL,<DL,<DL,<DL,"0,19",<DL,<DL,<DL,"0,02","0,13","0,73",<DL,<DL,<DL,<DL,<DL,<DL,<DL,"1,8",<DL,<DL,"0,18","2,31","1,68",<DL,"400,01","1134,83","5211,34"
m21/63_34-37,"1789,15","29,68","12,05","26,4","1,68","2,89","17,69","21,98","0,14","0,32",<DL,"5,49","11,13","1,52","6,16","1,24","0,23","0,94","0,12","0,66","0,12","0,33","0,03","0,25","0,03",<DL,"1683,34","2275,36","765,86","28793,03","3677,27","3,12","0,2","13,44","1,29","57,86","0,01",<DL,<DL,"0,64","0,18",<DL,"0,14",<DL,"0,01","0,19","2,67",<DL,<DL,<DL,<DL,<DL,<DL,<DL,"5,07",<DL,"0,09","0,19","5,74","1,18",<DL,"993,69","1131,8","4832,51"
m21/63_54-58,"872,48","22,57","13,54","22,75","0,92","1,49","2,73","2,77","0,24","0,32",<DL,"4,49","7,71","1,17","4,68","0,91","0,16","0,69","0,08","0,47","0,08","0,23","0,02","0,17","0,02","0,69","846,24","2020,26","426,61","40731,7","3802,74","1,62","0,14","6,66","0,78","50,36","0,04",<DL,<DL,"0,41","0,17",<DL,<DL,<DL,"0,01","0,15","6,15",<DL,<DL,<DL,<DL,<DL,<DL,<DL,"27,23",<DL,"0,07","0,15","7,84","0,95",<DL,"483,4","1227,28","5094,07"
